ORG,YEAR,RANK
US News,1986,6
US News,1988,7
US News,1989,12
US News,1990,5
US News,1991,7
US News,1992,7
US News,1993,7
US News,1994,7
US News,1995,6
US News,1996,6
US News,1997,4
US News,1998,3
US News,1999,6
US News,2000,7
US News,2001,8
US News,2002,8
US News,2003,4
US News,2004,5
US News,2005,5
US News,2006,5
US News,2007,8
US News,2008,8
US News,2009,8
US News,2010,10
US News,2011,9
US News,2012,10
US News,2013,8
US News,2014,7
US News,2015,8
US News,2016,8
US News,2017,8
US News,2018,9
US News,2019,8
US News,2020,10
US News,2021,12
US News,2022,9
US News,2023,10
US News,2024,7
Forbes,2008,80
Forbes,2009,104
Forbes,2010,41
Forbes,2011,22
Forbes,2012,24
Forbes,2013,15
Forbes,2014,23
Forbes,2015,22
Forbes,2016,26
Forbes,2017,8
Forbes,2018,10
Forbes,2019,9
Forbes,2021,12
Forbes,2022,9
Forbes,2023,17
WSJ/Times,2017,7
WSJ/Times,2018,5
WSJ/Times,2019,7
WSJ/Times,2020,10
WSJ/Times,2021,5
WSJ/Times,2022,5